<component name="ProjectRunConfigurationManager">
    <configuration default="false"
                   name="Revit 2022 ENU"
                   type="RunExe"
                   factoryName=".NET Executable">
        <option name="EXE_PATH"
                value="C:/Program Files/Autodesk/Revit 2022/Revit.exe"/>
        <option name="PROGRAM_PARAMETERS"
                value="/language ENU"/>
        <option name="WORKING_DIRECTORY"
                value="C:/Program Files/Autodesk/Revit 2022"/>
        <option name="PASS_PARENT_ENVS"
                value="1"/>
        <option name="USE_EXTERNAL_CONSOLE"
                value="0"/>
        <option name="USE_MONO"
                value="0"/>
        <option name="RUNTIME_ARGUMENTS"
                value=""/>
        <method v="2">
            <option name="Build Solution"
                    enabled="true"/>
        </method>
    </configuration>
</component>